/*
SQLyog Ultimate v12.09 (64 bit)
MySQL - 5.7.14 : Database - tutor_web
*********************************************************************
*/

/*!40101 SET NAMES utf8 */;

/*!40101 SET SQL_MODE=''*/;

/*!40014 SET @OLD_UNIQUE_CHECKS=@@UNIQUE_CHECKS, UNIQUE_CHECKS=0 */;
/*!40014 SET @OLD_FOREIGN_KEY_CHECKS=@@FOREIGN_KEY_CHECKS, FOREIGN_KEY_CHECKS=0 */;
/*!40101 SET @OLD_SQL_MODE=@@SQL_MODE, SQL_MODE='NO_AUTO_VALUE_ON_ZERO' */;
/*!40111 SET @OLD_SQL_NOTES=@@SQL_NOTES, SQL_NOTES=0 */;
CREATE DATABASE /*!32312 IF NOT EXISTS*/`tutor_web` /*!40100 DEFAULT CHARACTER SET utf8 */;

USE `tutor_web`;

/*Data for the table `apply` */

/*Data for the table `article` */

/*Data for the table `collectarticle` */

/*Data for the table `comment` */

/*Data for the table `login` */

insert  into `login`(`id`,`userName`,`passWord`,`userType`) values (12,'905991632','20190219','学生'),(13,'3362996718','20190219','教师'),(15,'15626463411','20190219','学生'),(20,'999999','20190219','学生'),(21,'905991633','20190219','教师'),(22,'905991630','20190219','学生'),(23,'905991634','20190219','学生'),(24,'905991635','20190219','学生'),(25,'15626463410','20190219','教师'),(26,'15626463412','20190219','教师'),(27,'15626463413','20190219','教师'),(28,'15626463414','20190219','教师'),(29,'15626463415','20190219','教师'),(30,'15626463416','20190219','教师'),(31,'15626463417','20190219','教师'),(32,'15626463418','20190219','教师'),(33,'15626463421','20190219','教师'),(34,'15626463422','20190219','教师'),(35,'15626463423','20190219','教师'),(36,'15626463424','20190219','教师'),(37,'15626463425','20190219','教师'),(38,'15626463426','20190219','教师'),(39,'15626463427','20190219','教师'),(40,'15626463428','20190219','教师'),(41,'15626463429','20190219','教师'),(42,'15626463420','20190219','教师'),(43,'905991601','20190219','学生'),(44,'905991602','20190219','学生'),(45,'905991603','20190219','学生'),(46,'905991604','20190219','学生'),(47,'905991605','20190219','学生'),(48,'905991606','20190219','学生'),(49,'905991607','20190219','学生'),(50,'905991608','20190219','学生'),(51,'905991609','20190219','学生'),(52,'905991610','20190219','学生'),(53,'905991611','20190219','学生'),(54,'905991612','20190219','学生'),(55,'905991613','20190219','学生'),(56,'905991614','20190219','学生'),(57,'905991615','20190219','学生'),(58,'905991616','20190219','学生'),(59,'905991617','20190219','学生'),(60,'905991618','20190219','学生'),(61,'905991619','20190219','学生'),(62,'905991620','20190219','学生');

/*Data for the table `requirement` */

insert  into `requirement`(`id`,`permission`,`studentId`,`course`,`sex`,`address`,`area`,`price`,`detail`,`createTime`) values (1,0,5,'一年级数学','男女','广东,广州','从化','100元/小时','需要一个耐心细心的老师','2018-01-16 14:50:21'),(2,0,5,'六年级语文','男女','广东,广州','花都区','1000元/星期','其他的面谈','2018-01-18 10:03:10'),(3,0,5,'初一语文','男女','广东,广州','番禺区','1000元/星期','电联','2018-01-18 10:08:47'),(4,0,5,'高三政治','男女','广东,广州','荔湾区','1000元/星期','无','2018-01-18 10:10:45'),(5,0,5,'五年级语文','男','广东,广州','芳村区','1000元/星期','ytou','2018-01-18 10:21:36'),(6,0,5,'二年级英语','女','广东,广州','东山区','1000元/星期','1','2018-01-18 10:36:31'),(7,0,5,'一年级英语','男女','广东,广州','白云区','1000元/星期','1','2018-01-18 10:39:20'),(9,0,5,'三年级语文','男女','广东,广州','荔湾区','1000元/星期','1','2018-01-18 10:40:48');

/*Data for the table `stuappraisal` */

/*Data for the table `student` */

insert  into `student`(`id`,`photo`,`name`,`sex`,`age`,`mobile`,`address`,`area`,`loginTime`,`loginId`) values (5,'images/photo/student.jpg','陈晓佳','男',22,'15626463411','广东,广州',NULL,'2018-01-18 10:39:01',12),(6,'images/photo/student.jpg','陈晓佳','男',22,'15626463411','广东,中山',NULL,'2018-01-11 14:38:27',15),(7,'images/photo/student.jpg','陈晓佳','男',22,'15626463411','广东,中山',NULL,'2018-01-17 09:49:21',20),(8,'images/photo/student.jpg','陈晓佳','男',22,'15626463411','广东,中山',NULL,'2018-01-17 10:34:58',22),(9,'images/photo/student.jpg','陈晓佳','男',22,'15626463411','广东,中山',NULL,'2018-01-17 12:02:10',23),(10,'images/photo/student.jpg','陈晓佳','男',22,'15626463411','广东,中山',NULL,'2018-01-17 12:31:48',24),(11,'images/photo/student.jpg','学生1','男',1,'15626463411','广东,中山',NULL,'2018-01-23 18:01:15',43),(12,'images/photo/student.jpg','学生2','女',2,'15626463411','广东,中山',NULL,'2018-01-23 18:02:26',44),(13,'images/photo/student.jpg','学生3','男',3,'15626463411','广东,中山',NULL,'2018-01-23 14:45:45',45),(14,'images/photo/student.jpg','学生4','女',4,'15626463411','广东,中山',NULL,'2018-01-23 14:57:47',46),(15,'images/photo/student.jpg','学生5','女',5,'15626463411','广东,中山',NULL,'2018-01-23 14:58:24',47),(16,'images/photo/student.jpg','学生6','女',6,'15626463411','广东,中山',NULL,'2018-01-23 15:04:10',48),(17,'images/photo/student.jpg','学生7','男',7,'15626463411','广东,中山',NULL,'2018-01-23 15:04:33',49),(18,'images/photo/student.jpg','学生8','女',8,'15626463411','广东,中山',NULL,'2018-01-23 15:05:00',50),(19,'images/photo/student.jpg','学生9','男',9,'15626463411','广东,中山',NULL,'2018-01-23 15:05:24',51),(20,'images/photo/student.jpg','学生10','女',10,'15626463411','广东,中山',NULL,'2018-01-23 15:06:10',52),(21,'images/photo/student.jpg','学生11','男',11,'15626463411','广东,中山',NULL,'2018-01-23 15:07:12',53),(22,'images/photo/student.jpg','学生12','女',12,'15626463411','广东,中山',NULL,'2018-01-23 15:07:48',54),(23,'images/photo/student.jpg','学生13','男',13,'15626463411','广东,中山',NULL,'2018-01-23 15:08:17',55),(24,'images/photo/student.jpg','学生14','女',14,'15626463411','广东,中山',NULL,'2018-01-23 15:09:38',56),(25,'images/photo/student.jpg','学生15','男',15,'15626463411','广东,中山',NULL,'2018-01-23 15:09:55',57),(26,'images/photo/student.jpg','学生16','女',16,'15626463411','广东,中山',NULL,'2018-01-23 15:10:22',58),(27,'images/photo/student.jpg','学生17','男',17,'15626463411','广东,中山',NULL,'2018-01-23 15:10:49',59),(28,'images/photo/student.jpg','学生18','女',18,'15626463411','广东,中山',NULL,'2018-01-23 15:12:21',60),(29,'images/photo/student.jpg','学生19','男',19,'15626463411','广东,中山',NULL,'2018-01-23 15:12:45',61),(30,'images/photo/student.jpg','学生20','女',20,'15626463411','广东,中山',NULL,'2018-01-23 15:13:06',62);

/*Data for the table `teaappraisal` */

/*Data for the table `teacher` */

insert  into `teacher`(`id`,`permission`,`photo`,`idcard`,`name`,`sex`,`age`,`mobile`,`courses`,`address`,`area`,`price`,`loginTime`,`loginId`) values (2,0,'images/photo/teacher.jpg',NULL,'教师1','女',23,'15626463411',NULL,'广东,广州',NULL,NULL,'2018-01-11 13:07:38',13),(3,0,'images/photo/teacher.jpg',NULL,'教师2','男',22,'15626463411',NULL,'广东,广州',NULL,NULL,'2018-01-17 09:49:51',21),(4,0,'images/photo/teacher.jpg',NULL,'教师3','男',11,'15626463411',NULL,'广东,中山',NULL,NULL,'2018-01-23 13:25:57',25),(5,0,'images/photo/teacher.jpg',NULL,'教师4','女',32,'15626463411',NULL,'广东,中山',NULL,NULL,'2018-01-23 13:35:52',26),(6,0,'images/photo/teacher.jpg',NULL,'教师5','男',21,'15626463411',NULL,'广东,中山',NULL,NULL,'2018-01-23 13:38:23',27),(7,0,'images/photo/teacher.jpg',NULL,'教师6','女',32,'15626463411',NULL,'广东,中山',NULL,NULL,'2018-01-23 13:38:59',28),(8,0,'images/photo/teacher.jpg',NULL,'教师7','女',45,'15626463411',NULL,'广东,中山',NULL,NULL,'2018-01-23 13:39:45',29),(9,0,'images/photo/teacher.jpg',NULL,'教师8','男',51,'15626463411',NULL,'广东,中山',NULL,NULL,'2018-01-23 18:09:15',30),(10,0,'images/photo/teacher.jpg',NULL,'教师9','女',19,'15626463411',NULL,'广东,中山',NULL,NULL,'2018-01-23 13:41:33',31),(11,0,'images/photo/teacher.jpg',NULL,'教师10','女',31,'15626463411',NULL,'广东,中山',NULL,NULL,'2018-01-23 13:42:17',32),(12,0,'images/photo/teacher.jpg',NULL,'教师11','男',11,'15626463411',NULL,'广东,中山',NULL,NULL,'2018-01-23 13:43:26',33),(13,0,'images/photo/teacher.jpg',NULL,'教师12','女',35,'15626463411',NULL,'广东,中山',NULL,NULL,'2018-01-23 13:53:40',34),(14,0,'images/photo/teacher.jpg',NULL,'教师13','男',13,'15626463411',NULL,'广东,中山',NULL,NULL,'2018-01-23 13:54:21',35),(15,0,'images/photo/teacher.jpg',NULL,'教师14','女',24,'15626463411',NULL,'广东,中山',NULL,NULL,'2018-01-23 13:55:09',36),(16,0,'images/photo/teacher.jpg',NULL,'教师15','男',25,'15626463411',NULL,'广东,中山',NULL,NULL,'2018-01-23 14:31:05',37),(17,0,'images/photo/teacher.jpg',NULL,'教师16','女',26,'15626463411',NULL,'广东,中山',NULL,NULL,'2018-01-23 14:31:47',38),(18,0,'images/photo/teacher.jpg',NULL,'教师17','男',27,'15626463411',NULL,'广东,中山',NULL,NULL,'2018-01-23 14:32:23',39),(19,0,'images/photo/teacher.jpg',NULL,'教师18','女',28,'15626463411',NULL,'广东,中山',NULL,NULL,'2018-01-23 14:33:33',40),(20,0,'images/photo/teacher.jpg',NULL,'教师19','男',29,'15626463411',NULL,'广东,中山',NULL,NULL,'2018-01-23 14:34:26',41),(21,0,'images/photo/teacher.jpg',NULL,'教师20','女',20,'15626463411',NULL,'广东,中山',NULL,NULL,'2018-01-23 14:41:18',42);

/*!40101 SET SQL_MODE=@OLD_SQL_MODE */;
/*!40014 SET FOREIGN_KEY_CHECKS=@OLD_FOREIGN_KEY_CHECKS */;
/*!40014 SET UNIQUE_CHECKS=@OLD_UNIQUE_CHECKS */;
/*!40111 SET SQL_NOTES=@OLD_SQL_NOTES */;
